sead-result,title,sead-details,veritas-tag,sender
Be Careful with this message,Your MetaMask wallet will be suspended,No Record in Sent items\ninfo@sofamekar.com is not recorded in the\nrecently sent mailbox.\nExternal Sender\nThis email is sent from outside of company.\n(info@sofamekar.com)\nUndefined Category Domain\n@sofamekar.com is a unkown domain among\nsecurity companies.,e.veritas:Phishing,_ MetaMask <info@sofamekar.com>
This email seems dangerous,Netflix : We're having some trouble with your current billing information,Malicious Internet Link\nDomain of Internet Link\n(@myluxekids.com) has very bad\nreputation.\nNo Record in Sent items\nnoreply@come-in-vr.com is not recorded in\nthe recently sent mailbox.\nExternal Sender\nThis email is sent from outside of company.\n(noreply@come-in-vr.com)\nUndefined Category Domain\n@come-in-vr.com is a unkown domain\namong security companies.,e.veritas:Legitimate,_ Netflix <noreply@come-in-vr.com>
This message looks secure,Your shipment is on the way,No Record in Sent items\ninfo.fastway.co.za_info.fastway.co.za_info.fas\ntway.co.za154565@em5269.xfund02.ml is\nnot recorded in the recently sent mailbox.\nExternal Sender\nThis email is sent from outside of company.\n(info.fastway.co.za_info.fastway.co.za_info.fa\nstway.co.za154565@em5269.xfund02.ml),e.veritas: Weming,_ Fastway <info.fastway.co.za_info.fastway.co.za_info.fastway.co.za154565@em5269.xfund0<
Be Careful with this message,Netflix : We're having some trouble with your current billing information,Malicious Internet Link\nDomain of Internet Link (@woocommerce-\n705815-2339996.cloudwaysapps.com) is\nsuspected of a malicious site.\nNo Record in Sent items\ninfo.help-center.co.za_info.help-\ncenter.co.za_info.help-\ncenter.co.za177005@em5269.xfund02.ml is\nnot recorded in the recently sent mailbox.\nExternal Sender\nThis email is sent from outside of company.\n(info.help-center.co.za_info.help-\ncenter.co.za_info.help-\ncenter.co.za177005@em5269.xfund02.ml),e.veritas: Weming,- Help Center <info.help-center.co.za_info.help-center.co.za_info.help-center.co.za177005@
Be Careful with this message,Netflix : We're having some trouble with your current billing information,No Record in Sent items\ninfo.help-center.co.za_info.help-\ncenter.co.za_info.help-\ncenter.co.za852682@em5269.xfund02.ml is\nnot recorded in the recently sent mailbox.\nExternal Sender\nThis email is sent from outside of company.\n(info.help-center.co.za_info.help-\ncenter.co.za_info.help-\ncenter.co.za852682@em5269.xfund02.ml)\nSuspicious phishing\nSome phrases used in phishing emails are\nincluded,e.veritas: Weming,~ Help Center <info.help-center.co.za_info.help-center.co.za_info.help-center.co.za852682@
Be Careful with this message,Netflix : We're having some trouble with your current billing information,No Record in Sent items\nhelp-\ncenter2010726627 181436388024246@amik\nushealth.com is not recorded in the recently\nsent mailbox.\nExternal Sender\nThis email is sent from outside of company.\n(help-\ncenter2010726627 181436388024246@amik\nushealth.com)\nUndefined Category Domain\n@amikushealth.com is a unkown domain\namong security companies.\nSuspicious phishing\nSome phrases used in phishing emails are\nincluded,e.veritas:Legitimate,~ Help Center <help-center2010726627 181436388024246@amikushealth.com>
Be Careful with this message,Rectify Your Password With monkey.org,Suspected Malicious Sender\n@monkey.orgis a malicious categoried\ndomain.\nNo Record in Sent items\nHELPDESK@monkey.org is not recorded in\nthe recently sent mailbox.\nExternal Sender\nThis email is sent from outside of company.\n(HELPDESK@monkey.org),e.veritas:Phishing,~ monkey.org <HELPDESK@monkey.org>
This message looks secure,Receipt for Your Payment to FTX.,No Record in Sent items\ninfo@advantageapartments.com is not\nrecorded in the recently sent mailbox.\nExternal Sender\nThis email is sent from outside of company.\n(info@advantageapartments.com),e.veritas:Legitimate,_ info advantageapartments.com <info@advantageapartments.com>
This message looks secure,Jeanette.rodriguez@mcft.com sent you Product Sample and Specifications.pdf via We,No Record in Sent items\nno_reply@wetransfer.com is not recorded in\nthe recently sent mailbox.\nExternal Sender\nThis email is sent from outside of company.\n(no_reply@wetransfer.com),e.veritas:Phishing,_ WeTransfer <no_reply@wetransfer.com>
This message looks secure,Queued Messages Notification,No Record in Sent items\ninbox@inbox.org is not recorded in the\nrecently sent mailbox.\nExternal Sender\nThis email is sent from outside of company.\n(inbox @inbox.org),e.veritas:Legitimate,- monkey.org Support <inbox@inbox.org>
This email seems dangerous,Status: Your payment method was declined !,Suspicious Sender Domain\n@rnatlika-deliy.comis created 9months ago\nNo Record in Sent items\ncool41@rnatlika-deliy.com is not recorded\nin the recently sent mailbox.\nExternal Sender\nThis email is sent from outside of company.\n(cool41@rnatlika-deliy.com)\nUndefined Category Domain\n@rnatlika-deliy.com is a unkown domain\namong security companies.,e.veritas:Phishing,~ NETIFLIX <cool41@rnatlika-deliy.com>
This email seems dangerous,Status: Your payment method was declined !,Suspicious Sender Domain\n@rnatlika-deliy.comis created 9months ago\nNo Record in Sent items\ncool390@rnatlika-deliy.com is not recorded\nin the recently sent mailbox.\nExternal Sender\nThis email is sent from outside of company.\n(cool390@rnatlika-deliy.com)\nUndefined Category Domain\n@rnatlika-deliy.com is a unkown domain\namong security companies.,e.veritas:Phishing,~ NETLFLX <cool390@rnatlika-deliy.com>
This email seems dangerous,[PayPay$R{7] Ke ARORA,"Suspicious Phishing Email\nCreation date of Internet Link (@paypay-\nbank.qempaaf.cn?\nwetxNBCW2101.doa.php"">https:) is not\nsearched in database.\nMalicious Internet Link\nDomain of Internet Link (@paypay-\nbank.qempaaf.cn?\nwetxNBCW2101.doa.php"">https:) has very\nbad reputation.\nSuspicious Sender Domain\nThe creation date is not searched with\n@srqxcjd.cn\nNo Record in Sent items\njapannetbank@srqxcjd.cn is not recorded in\nthe recently sent mailbox.",e.veritas:Phishing,< PayPay$8{F > <japannetbank@sraxcjd.cn>
Be Careful with this message,Email Service - Action Alert for monkey.org,Suspicious Sender Domain\nThe creation date is not searched with\n@mypostoffice.co.uk\nNo Record in Sent items\nmichaelhardy@mypostoffice.co.uk is not\nrecorded in the recently sent mailbox.\nExternal Sender\nThis email is sent from outside of company.\n(michaelhardy@mypostoffice.co.uk),e.veritas:Legitimate,_ Support <michaelhardy@mypostoffice.co.uk>
Be Careful with this message,New Document From USAA,Suspicious Phishing Email\nCreation date of Internet Link (@s.id) is not\nsearched in database.\nMalicious Internet Link\nDomain of Internet Link (@s.id) is\nsuspected of a malicious site.\nNo Record in Sent items\nben@westbrooklawfirm.com is not\nrecorded in the recently sent mailbox.\nExternal Sender\nThis email is sent from outside of company.\n(ben@westbrooklawfirm.com),e.veritas:Phishing,_ USAA.Web.Services <ben@westbrooklawfirm.com>
Be Careful with this message,Identity Confirmation Request from monkey.org,Suspected Malicious Sender\n@monkey.orgis a malicious categoried\ndomain.\nNo Record in Sent items\nsupport@monkey.org is not recorded in the\nrecently sent mailbox.\nExternal Sender\nThis email is sent from outside of company.\n(support@monkey.org),e.veritas:Legitimate,- monkey.org <support@monkey.org>
This email seems dangerous,Action Required on monkey.org,Suspicious Sender Domain\n@iswpanelvrfpage.comis created 9months\nago\nNo Record in Sent items\nmail01-iswsendgrid@iswpanelvrfpage.com\nis not recorded in the recently sent\nmailbox.\nExternal Sender\nThis email is sent from outside of company.\n(mail01-\niswsendgrid@iswpanelvrfpage.com)\nUndefined Category Domain\n@iswpanelvrfpage.com is a unkown\ndomain among security companies.,e.veritas:Legitimate,_ Support monkey.org <mail01-iswsendgrid@iswpanelvrfpage.com>
This email seems dangerous,7 unread encrypted emails received,Malicious Internet Link\nDomain of Internet Link (@low-foregoing-\nzinc.glitch.me) has very bad reputation.\nNo Record in Sent items\njose@genfiak.host is not recorded in the\nrecently sent mailbox.\nExternal Sender\nThis email is sent from outside of company.\n(jose@genfiak.host)\nUndefined Category Domain\n@genfiak.host is a unkown domain among\nsecurity companies.,e.veritas: Weming,~ monkey.org Mail Center <jose@genfiak.host>
This email seems dangerous,You have secured emails in monkey.org mailserver,Malicious Internet Link\nDomain of Internet Link (@low-foregoing-\nzinc.glitch.me) has very bad reputation.\nNo Record in Sent items\njose@genfiak.host is not recorded in the\nrecently sent mailbox.\nExternal Sender\nThis email is sent from outside of company.\n(jose@genfiak.host)\nUndefined Category Domain\n@genfiak.host is a unkown domain among\nsecurity companies.,e.veritas: Weming,~ monkey.org Mail Center <jose@genfiak.host>
This email seems dangerous,7 unread encrypted emails received,"Malicious Internet Link\nDomain of Internet Link (@beaded-\ngrandioseaprilolkiuj.glitch.me#jose@monk\ney.org"") has very bad reputation.\nNo Record in Sent items\njose@synergynatural.cam is not recorded in\nthe recently sent mailbox.\nExternal Sender\nThis email is sent from outside of company.\n(jose@synergynatural.cam)\nUndefined Category Domain\n@synergynatural.cam is a unkown domain\namong security companies.",e.veritas:Legitimate,- monkey.org Mail Center <jose@synergynatural.cam>
Be Careful with this message,Your recent outgoing messages couldn't be delivered,No Record in Sent items\nadmin@chicagopromoitems.com is not\nrecorded in the recently sent mailbox.\nExternal Sender\nThis email is sent from outside of company.\n(admin@chicagopromoitems.com)\nUndefined Category Domain\n@chicagopromoitems.com is a unkown\ndomain among security companies.,e.veritas:Phishing,- monkey.org Email Admin <admin@chicagopromoitems.com>
Be Careful with this message,Your account is on hold.,Suspicious Internet Link\nDomain of Internet Link (@cubiko.co) has\nbad reputation.\nNo Record in Sent items\ninfo@vccedge.com is not recorded in the\nrecently sent mailbox.\nExternal Sender\nThis email is sent from outside of company.\n(info@vccedge.com),e.veritas:Phishing,- Help Center <info@vccedge.com>
This email seems dangerous,[CASE ID: KTF-178-OxEoHbxloE]:IMPORTANT: You have 1 new message(s) in your jos,Malicious Sender Domain\n@eifka.net has a very bad reputation.\nNo Record in Sent items\ncontrolpanel-\nemailbn101.noreply@eifka.net is not\nrecorded in the recently sent mailbox.\nExternal Sender\nThis email is sent from outside of company.\n(controlpanel-\nemailbn101.noreply@eifka.net)\nUndefined Category Domain\n@eifka.net is a unkown domain among\nsecurity companies.,e.veritas: Weming,~ Webmail Support monkey.org <controlpanel-emailbn101.noreply@eifka.net>
Be Careful with this message,Identity Confirmation Request from monkey.org,Suspected Malicious Sender\n@monkey.orgis a malicious categoried\ndomain.\nNo Record in Sent items\nsupport@monkey.org is not recorded in the\nrecently sent mailbox.\nExternal Sender\nThis email is sent from outside of company.\n(support@monkey.org)\nSuspicious phishing\nSome phrases used in phishing emails are\nincluded,e.veritas:Phishing,- monkey.org Support System <support@monkey.org>
This message looks secure,Netflix : We're having some trouble with your current billing information,No Record in Sent items\ninfo438538285734@vccedge.com is not\nrecorded in the recently sent mailbox.\nExternal Sender\nThis email is sent from outside of company.\n(info438538285734@vccedge.com),e.veritas:Legitimate,— Help Center <info438538285734@vccedge.com>
Be Careful with this message,Netflix : We're having some trouble with your current billing information,No Record in Sent items\ninfo416111724486@edgeinsights.in is not\nrecorded in the recently sent mailbox.\nExternal Sender\nThis email is sent from outside of company.\n(info416111724486@edgeinsights.in)\nUndefined Category Domain\n@edgeinsights.in is a unkown domain among\nsecurity companies.,e.veritas:Legitimate,- Help Center <info416111724486@edgeinsights.in>
This email seems dangerous,We're having some trouble with your current billing information,Suspicious Sender Domain\n@em8042.wilms-ch.orgis created 10months\nago\nNo Record in Sent items\nhelp_center_7360403570@em8042.wilms-\nch.org is not recorded in the recently sent\nmailbox.\nExternal Sender\nThis email is sent from outside of company.\n(help_center_7360403570@em8042.wilms-\nch.org)\nUndefined Category Domain\n@em8042.wilms-ch.org is a unkown\ndomain among security companies.,e.veritas: Weming,_ Help Center <help_center_7360403570@em8042.wilms-ch.org>
Be Careful with this message,jose@monkey.org received a share document via Onedrive,No Record in Sent items\nonedrive1 @zonasurgical.com is not\nrecorded in the recently sent mailbox.\nExternal Sender\nThis email is sent from outside of company.\n(onedrive1@zonasurgical.com)\nUndefined Category Domain\n@zonasurgical.com is a unkown domain\namong security companies.\nSuspicious Phishing Email\nThe creation date of the link\n(@u30193765.ct.sendgrid.net) is not found,e.veritas:Legitimate,~ ONE-DRIVE MAIL NOTIFICATION <onedrive1@zonasurgical.com>
Be Careful with this message,Important Notice: Confirm Password Ref:5880069,Suspicious Sender Domain\nThe creation date is not searched with\n@very.co.uk\nNo Record in Sent items\nno-reply@very.co.uk is not recorded in the\nrecently sent mailbox.\nExternal Sender\nThis email is sent from outside of company.\n(no-reply@very.co.uk)\nSuspicious phishing\nSome phrases used in phishing emails are\nincluded,e.veritas:Phishing,- noreply <no-reply@very.co.uk>
This email seems dangerous,We're having some trouble with your current billing information,Suspicious Sender Domain\nThe creation date is not searched with\n@pgc.sa\nMalicious Sender Domain\n@pgc.sa has a very bad reputation.\nNo Record in Sent items\nsupport@pgc.sa is not recorded in the\nrecently sent mailbox.\nExternal Sender\nThis email is sent from outside of company.\n(support@pgc.sa),e.veritas:Phishing,_ Help Center <support@pgc.sa>
Be Careful with this message,We're having some trouble with your current billing information,No Record in Sent items\nsupport@nomu.tokyo is not recorded in\nthe recently sent mailbox.\nExternal Sender\nThis email is sent from outside of company.\n(support@nomu.tokyo)\nUndefined Category Domain\n@nomu.tokyo is a unkown domain among\nsecurity companies.\nSuspicious phishing\nSome phrases used in phishing emails are\nincluded,e.veritas:Phishing,~ Help Center <support@nomu.tokyo>
Be Careful with this message,"Voicenote Message from (078) 964*****(0.25s) on est 500 -November 18, 2022, 6:09:4",Suspected Malicious Sender\n@monkey.orgis a malicious categoried\ndomain.\nNo Record in Sent items\njose@monkey.org is not recorded in the\nrecently sent mailbox.\nExternal Sender\nThis email is sent from outside of company.\n(jose@monkey.org),e.veritas:Phishing,- monkey.org <jose@monkey.org>
Be Careful with this message,jose@monkey.org Received A WeTransfer File,Suspicious Sender Domain\nThe creation date is not searched with\n@eprints.dinus.ac.id\nNo Record in Sent items\nsupport@eprints.dinus.ac.id is not recorded\nin the recently sent mailbox.\nExternal Sender\nThis email is sent from outside of company.\n(support@eprints.dinus.ac.id),e.veritas:Legitimate,_ WeTransfer <support@eprints.dinus.ac.id >
Be Careful with this message,Action Required: UPS Exception Notification,Malicious Internet Link\nDomain of Internet Link (@zpr.io) is\nsuspected of a malicious site.\nSuspicious Internet Link\nDomain of Internet Link (@zpr.io) has bad\nreputation.\nNo Record in Sent items\npkginfojose@journalsnj.com is not\nrecorded in the recently sent mailbox.\nExternal Sender\nThis email is sent from outside of company.\n(pkginfojose@journalsnj.com),e.veritas:Legitimate,~ UPS® <pkginfojose@journalsnj.com>
Be Careful with this message,We're having some trouble with your current billing information,No Record in Sent items\nsupport45058046 1447382552142228@netfli\nx.com is not recorded in the recently sent\nmailbox.\nExternal Sender\nThis email is sent from outside of company.\n(support450580461447382552142228@netfli\nx.com)\nSuspicious phishing\nSome phrases used in phishing emails are\nincluded,e.veritas:Phishing,~ Help Center <support450580461447382552142228@netflix.com>
This email seems dangerous,[CASE ID: KTF-178-OxEoHbxloE]:IMPORTANT: You have 1 new message(s) in your jos,Malicious Sender Domain\n@eifka.net has a very bad reputation.\nNo Record in Sent items\nnotifications-email03.cpsrv2 @eifka.net is\nnot recorded in the recently sent mailbox.\nExternal Sender\nThis email is sent from outside of company.\n(notifications-email03.cpsrv2@eifka.net)\nUndefined Category Domain\n@eifka.net is a unkown domain among\nsecurity companies.,e.veritas: Weming,- Webmail Support monkey.org <notifications-email03.cpsrv2@eifka.net>
This message looks secure,FINAL NOTICE -,No Record in Sent items\nupdates56690@mail.com is not recorded in\nthe recently sent mailbox.\nExternal Sender\nThis email is sent from outside of company.\n(updates56690@mail.com),e.veritas:Phishing,- no-reply <updates56690@mail.com>
Be Careful with this message,Unexpected sign-in attempt on jose@monkey.org,Suspicious Sender Domain\nThe creation date is not searched with\n@v2net.com.br\nNo Record in Sent items\njardimdoserido@v2net.com.br is not\nrecorded in the recently sent mailbox.\nExternal Sender\nThis email is sent from outside of company.\n(jardimdoserido@v2net.com.br),e.veritas:Phishing,~ Email Notification <jardimdoserido@v2net.com.br>
Be Careful with this message,Your package is ready for delivery,No Record in Sent items\n7417242netflix.co.za@em8487.neurodiversen\nutritionrd.com is not recorded in the recently\nsent mailbox.\nExternal Sender\nThis email is sent from outside of company.\n(7417242netflix.co.za@em8487.neurodiverse\nnutritionrd.com)\nUndefined Category Domain\n@em8487.neurodiversenutritionrd.com is a\nunkown domain among security companies.,e.veritas:Phishing,~ Ram Hand To Hand Courier <7417242netflix.co.za@em8487.neurodiversenutritionrd.com:
Be Careful with this message,Netflix : We're having some trouble with your current billing information,No Record in Sent items\n772845 5netflix.co.za@em8487.neurodivers\nenutritionrd.com is not recorded in the\nrecently sent mailbox.\nExternal Sender\nThis email is sent from outside of company.\n(772845 5netflix.co.za@em8487.neurodivers\nenutritionrd.com)\nUndefined Category Domain\n@em8487.neurodiversenutritionrd.com is a\nunkown domain among security\ncompanies.\nSuspicious phishing\nSome phrases used in phishing emails are\nincluded,e.veritas:Phishing,~ Help Center <7728455netflix.co.za@em8487.neurodiversenutritionrd.com>
Be Careful with this message,Your package is ready for delivery.,No Record in Sent items\n7011870south.africa.post.office.south.africa.\npost.office@em8487.neurodiversenutritionrd\ncom is not recorded in the recently sent\nmailbox.\nExternal Sender\nThis email is sent from outside of company.\n(7011870south.africa.post.office.south.africa.\npost.office@em8487.neurodiversenutritionrd\ncom)\nUndefined Category Domain\n@em8487.neurodiversenutritionrd.com is a\nunkown domain among security companies.,e.veritas: Weming,- South African post office <7011870south.africa.post.office.south.africa.post.office@em848
Be Careful with this message,Netflix : We're having some trouble with your current billing information,No Record in Sent items\n5687746netflix.co.za@em8487.neurodivers\nenutritionrd.com is not recorded in the\nrecently sent mailbox.\nExternal Sender\nThis email is sent from outside of company.\n(568774 6netflix.co.za@em8487.neurodivers\nenutritionrd.com)\nUndefined Category Domain\n@em8487.neurodiversenutritionrd.com is a\nunkown domain among security\ncompanies.\nSuspicious phishing\nSome phrases used in phishing emails are\nincluded,e.veritas:Phishing,Netflix <5687746netflix.co.za@em8487.neurodiversenutritionrd.com>
Be Careful with this message,Your Parcel Number BN1018894701 is on the way,No Record in Sent items\n7041887 fastway.co.za_fastway.co.za_fastway.\nco.za@em8487.neurodiversenutritionrd.com\nis not recorded in the recently sent mailbox.\nExternal Sender\nThis email is sent from outside of company.\n(7041887 fastway.co.za_fastway.co.za_fastway\n-co.za@em8487.neurodiversenutritionrd.com\n)\nUndefined Category Domain\n@em8487.neurodiversenutritionrd.com is a\nunkown domain among security companies.,e.veritas: Weming,_ Fastway <7041887fastway.co.za_fastway.co.za_fastway.co.za@em8487.neurodiversenutritic
Be Careful with this message,Netflix : We're having some trouble with your current billing information,No Record in Sent items\ninfo@lotoftees.com is not recorded in the\nrecently sent mailbox.\nExternal Sender\nThis email is sent from outside of company.\n(info@lotoftees.com)\nUndefined Category Domain\n@lotoftees.com is a unkown domain\namong security companies.\nSuspicious phishing\nSome phrases used in phishing emails are\nincluded,e.veritas:Phishing,- Customer Service <info@lotoftees.com>
This email seems dangerous,Verify Urgently jose,Malicious Sender Domain\n@bustomshisoa.com has a very bad\nreputation.\nNo Record in Sent items\ninfo@bustomshisoa.com is not recorded in\nthe recently sent mailbox.\nExternal Sender\nThis email is sent from outside of company.\n(info@bustomshisoa.com)\nUndefined Category Domain\n@bustomshisoa.com is a unkown domain\namong security companies.,e.veritas:Phishing,_ Verify Now monkey.org <info@bustomshisoa.com>
Be Careful with this message,Your OpenSea Confirm Order #2852558012,No Record in Sent items\nsupport@reliantspraysystems.com is not\nrecorded in the recently sent mailbox.\nExternal Sender\nThis email is sent from outside of company.\n(support@reliantspraysystems.com)\nUndefined Category Domain\n@reliantspraysystems.com is a unkown\ndomain among security companies.,e.veritas:Legitimate,- support reliantspraysystems.com <support@reliantspraysystems.com>
Be Careful with this message,FINAL WARNING : YOUR E-MAIL WILL CLOSE WITHIN 24 HOURS,No Record in Sent items\nsales@c-chats.life is not recorded in the\nrecently sent mailbox.\nExternal Sender\nThis email is sent from outside of company.\n(sales@c-chats.life)\nUndefined Category Domain\n@c-chats.life is a unkown domain among\nsecurity companies.\nSuspicious phishing\nSome phrases used in phishing emails are\nincluded,e.veritas:Phishing,~ EMAIL ACCOUNT ADMIN <sales@c-chats.life>
Be Careful with this message,FINAL WARNING : YOUR E-MAIL WILL CLOSE WITHIN 24 HOURS,No Record in Sent items\nsales@c-chats.life is not recorded in the\nrecently sent mailbox.\nExternal Sender\nThis email is sent from outside of company.\n(sales@c-chats.life)\nUndefined Category Domain\n@c-chats.life is a unkown domain among\nsecurity companies.\nSuspicious phishing\nSome phrases used in phishing emails are\nincluded,e.veritas:Phishing,~ EMAIL ACCOUNT ADMIN <sales@c-chats.life>
Be Careful with this message,FINAL WARNING : YOUR E-MAIL WILL CLOSE WITHIN 24 HOURS,No Record in Sent items\nsales@c-chats.life is not recorded in the\nrecently sent mailbox.\nExternal Sender\nThis email is sent from outside of company.\n(sales@c-chats.life)\nUndefined Category Domain\n@c-chats.life is a unkown domain among\nsecurity companies.\nSuspicious phishing\nSome phrases used in phishing emails are\nincluded,e.veritas:Phishing,~ EMAIL ACCOUNT ADMIN <sales@c-chats.life>
Be Careful with this message,Netflix : We're having some trouble with your current billing information,Suspicious Sender Domain\nThe creation date is not searched with\n@footballnetwork.com.au\nNo Record in Sent items\nhelpcenter_15045474266458028875746860\n571538566533 166710036278@footballnet\nwork.com.au is not recorded in the recently\nsent mailbox.\nExternal Sender\nThis email is sent from outside of company.\n(helpcenter_1504547426645802887574686\n0571538566533 1667 10036278 @footballnet\nwork.com.au)\nSuspicious phishing\nSome phrases used in phishing emails are\nincluded,e.veritas:Phishing,~ Help Center <helpcenter_1504547426645802887574686057 1538566533 1667 10036278 @fc
Be Careful with this message,[Binance] Login Attempted from New IP address 285.128.9.147 - 2022-11-08 12:47:58(|,No Record in Sent items\nsupport@hale.itsahappyclient.com is not\nrecorded in the recently sent mailbox.\nExternal Sender\nThis email is sent from outside of company.\n(support@hale.itsahappyclient.com)\nSuspicious phishing\nSome phrases used in phishing emails are\nincluded,e.veritas:Legitimate,_ Binance <support@hale.itsahappyclient.com>
This email seems dangerous,[PayPay$R{7] Ke ARORA,"Suspicious Phishing Email\nCreation date of Internet Link\n(@gdxdnea.cn?\nwetxNBCW2101.doa.php"">https:) is not\nsearched in database.\nMalicious Internet Link\nDomain of Internet Link (@gdxdnea.cn?\nwetxNBCW2101.doa.php"">https:) has very\nbad reputation.\nSuspicious Sender Domain\nThe creation date is not searched with\n@smipomk.cn\nSuspected Malicious Sender\n@smipomk.cn has a low reputation.",e.veritas:Phishing,< PayPay$8{7 > <japannetbank@smipomkcn>
Be Careful with this message,jose@monkey.org:Password Expiration Notification,No Record in Sent items\nmikem @danawallboard.com is not recorded\nin the recently sent mailbox.\nExternal Sender\nThis email is sent from outside of company.\n(mikem@danawallboard.com)\nSuspicious phishing\nSome phrases used in phishing emails are\nincluded,e.veritas:Phishing,~ Email administrator <mikem@danawallboard.com>
Be Careful with this message,We're having some trouble with your current billing information,No Record in Sent items\nno-reply@magdalamatrimony.com is not\nrecorded in the recently sent mailbox.\nExternal Sender\nThis email is sent from outside of company.\n(no-reply@magdalamatrimony.com)\nUndefined Category Domain\n@magdalamatrimony.com is a unkown\ndomain among security companies.\nSuspicious phishing\nSome phrases used in phishing emails are\nincluded,e.veritas:Phishing,Help Center <no-reply@magdalamatrimony.com>
This email seems dangerous,Email Deactivation jose@monkey.org,Suspicious Sender Domain\nThe creation date is not searched with\n@wx1.wxax.live\nMalicious Sender Domain\n@wx1.wxax.live has a very bad reputation.\nNo Record in Sent items\nnoreply@wx1.wxax.live is not recorded in\nthe recently sent mailbox.\nExternal Sender\nThis email is sent from outside of company.\n(noreply@wx1.wxax.live),e.veritas: Weming,~ monkey.org <noreply@wx1.wxax.live>
This email seems dangerous,ACCOUNT VERIFICATION FOR YOUR MAILBOX jose@monkey.org,Malicious Internet Link\nDomain of Internet Link\n(@inviron.d23nmb19h816mi.amplifyapp.co\nm) has very bad reputation.\nSuspicious Sender Domain\nThe creation date is not searched with\n@russianlinen.ru\nNo Record in Sent items\ninfo@russianlinen.ru is not recorded in the\nrecently sent mailbox.\nExternal Sender\nThis email is sent from outside of company.\n(info@russianlinen.ru),e.veritas:Phishing,“monkey.org Administration” <info@russianlinen.ru>
This message looks secure,BIS: SBN 3 Nov 2022,No Record in Sent items\njob@eppluslearning.com is not recorded in\nthe recently sent mailbox.\nExternal Sender\nThis email is sent from outside of company.\n(job@eppluslearning.com),e.veritas:Phishing,- monkey.org <job@eppluslearning.com>
Be Careful with this message,monkey.org Server - Password Expired,Suspicious Sender Domain\nThe creation date is not searched with\n@emus.hu\nNo Record in Sent items\nkapcsolat@emus.hu is not recorded in the\nrecently sent mailbox.\nExternal Sender\nThis email is sent from outside of company.\n(kapcsolat@emus.hu)\nSuspicious phishing\nSome phrases used in phishing emails are\nincluded,e.veritas:Legitimate,- Server Admin monkey.org <kapcsolat@emus.hu>
Be Careful with this message,Incoming Mail @ Error,No Record in Sent items\nnotify-jose@conmacchio.com is not recorded\nin the recently sent mailbox.\nExternal Sender\nThis email is sent from outside of company.\n(notify-jose@conmacchio.com)\nUndefined Category Domain\n@conmacchio.com is a unkown domain\namong security companies.,e.veritas: Weming,_ Message Center monkey.org <notify-jose@conmacchio.com>
This email seems dangerous,LinkedIn Important Notification,Malicious Internet Link\nDomain of Internet Link\n(@storageapi.fleek.co) has very bad\nreputation.\nNo Record in Sent items\nhelpdesk.mail87-service@haizhli.com is not\nrecorded in the recently sent mailbox.\nExternal Sender\nThis email is sent from outside of company.\n(helpdesk.mail87-service@haizhli.com)\nUndefined Category Domain\n@haizhli.com is a unkown domain among\nsecurity companies.,e.veritas:Phishing,~ LinkedIn Help Desk <helpdesk.mail87-service@haizhli.com>
Be Careful with this message,You have been officially restricted by your monkey.org I.T. Systems (Review your Activ,No Record in Sent items\nnoreply@aegfuels.co is not recorded in the\nrecently sent mailbox.\nExternal Sender\nThis email is sent from outside of company.\n(noreply@aegfuels.co)\nUndefined Category Domain\n@aegfuels.co is a unkown domain among\nsecurity companies.,e.veritas:Phishing,- monkey.org <noreply@aegfuels.co>
This email seems dangerous,Email Deactivation jose@monkey.org,Suspicious Sender Domain\n@wx26.bzxa.liveis created 11months ago\nNo Record in Sent items\nnoreply@wx26.bzxa.live is not recorded in\nthe recently sent mailbox.\nExternal Sender\nThis email is sent from outside of company.\n(noreply@wx26.bzxa.live)\nUndefined Category Domain\n@wx26.bzxa.live is a unkown domain\namong security companies.,e.veritas: Weming,- monkey.org <noreply@wx26.bzxa.live>
Be Careful with this message,Netflix : We're having some trouble with your current billing information,Suspicious Internet Link\nDomain of Internet Link (@qrcodes.pro)\nhas bad reputation.\nNo Record in Sent items\n05043262201263753331@help.nuren.co is\nnot recorded in the recently sent mailbox.\nExternal Sender\nThis email is sent from outside of company.\n(05043262201263753331@help.nuren.co)\nUndefined Category Domain\n@help.nuren.co is a unkown domain among\nsecurity companies.,e.veritas: Weming,10/22/2022 4:12:34 PM <05043262201263753331@help.nuren.co>
Be Careful with this message,We're having some trouble with your current billing information,No Record in Sent items\n55133482420802311482@help.nuren.co is\nnot recorded in the recently sent mailbox.\nExternal Sender\nThis email is sent from outside of company.\n(55133482420802311482@help.nuren.co)\nUndefined Category Domain\n@help.nuren.co is a unkown domain among\nsecurity companies.,e.veritas: Weming,~ Help Center <55133482420802311482@help.nuren.co>
Be Careful with this message,We're having some trouble with your current billing information,No Record in Sent items\n63348725240624302883netflix@em7031.per\nbudi.com is not recorded in the recently sent\nmailbox.\nExternal Sender\nThis email is sent from outside of company.\n(63348725240624302883netflix@em7031.pe\nrbudi.com)\nSuspicious phishing\nSome phrases used in phishing emails are\nincluded,e.veritas:Legitimate,~ Netflix <63348725240624302883netflix@em7031.perbudi.com>
This message looks secure,We're having some trouble with your current billing information N 7385181,No Record in Sent items\n73851818344087@em7031.perbudi.com is\nnot recorded in the recently sent mailbox.\nExternal Sender\nThis email is sent from outside of company.\n(7385 1818344087 @em7031.perbudi.com),e.veritas:Phishing,~ Help Center <73851818344087@em7031.perbudi.com>
Be Careful with this message,IMPORTANT: jose@monkey.org Disconnection Notification! (Ref ID=D07834053074N,No Record in Sent items\nnotification.user5 1.no-reply@ajhcs.com is\nnot recorded in the recently sent mailbox.\nExternal Sender\nThis email is sent from outside of company.\n(notification.user5 1.no-reply@ajhcs.com)\nUndefined Category Domain\n@ajhcs.com is a unkown domain among\nsecurity companies.,e.veritas:Phishing,247Customer Service <notification.user5 1.no-reply@ajhcs.com>
Be Careful with this message,Microsoft 365 <Microsoft-365@email.microsoft-365.com>,Suspicious Sender Domain\nThe creation date is not searched with\n@rosasdodesertoespeciais.com.br\nNo Record in Sent items\nsupport @rosasdodesertoespeciais.com.br is\nnot recorded in the recently sent mailbox.\nExternal Sender\nThis email is sent from outside of company.\n(support@rosasdodesertoespeciais.com.br)\nUndefined Category Domain\n@rosasdodesertoespeciais.com.br is a\nunkown domain among security,e.veritas:Legitimate,- Pending Messages Notification <support@rosasdodesertoespeciais.com.br>
This email seems dangerous,- Queued Message Notification - id:2vFioVYa,Suspicious email address\nThe Original Sender email address is\nmonkey.org-5901617@koonja-\ncopyright.com\nMalicious Sender Domain\n@koonja-copyright.com has a very bad\nreputation.\nNo Record in Sent items\nmonkey.org-5901617@koonja-\ncopyright.com is not recorded in the\nrecently sent mailbox.\nExternal Sender\nThis email is sent from outside of company.\n(monkey.org-5901617@koonja-,e.veritas: Weming,~ emailadmin@monkey.org <monkey.org-5901617@koonja-copyright.com>
This email seems dangerous,"Last reminder : Your membership will be cenceled tomorrow , please update your infc",Suspicious Sender Domain\nThe creation date is not searched with\n@davino.co.za\nMalicious Sender Domain\n@davino.co.za has a very bad reputation.\nNo Record in Sent items\npc91ilpxyiyb@davino.co.za is not recorded\nin the recently sent mailbox.\nExternal Sender\nThis email is sent from outside of company.\n(pc91ilpxyiyb@davino.co.za),e.veritas:Phishing,~ Help Center <pc91ilpxyiyb@davino.co.za>
This email seems dangerous,"Last reminder : Your membership will be cenceled tomorrow , please update your infc",Suspicious Sender Domain\nThe creation date is not searched with\n@davino.co.za\nMalicious Sender Domain\n@davino.co.za has a very bad reputation.\nNo Record in Sent items\ninfo@davino.co.za is not recorded in the\nrecently sent mailbox.\nExternal Sender\nThis email is sent from outside of company.\n(info@davino.co.za),e.veritas:Legitimate,- Help Center <info@davino.co.za>
Be Careful with this message,Wir haben Ihre ID deaktiviert,No Record in Sent items\nsupport@shop.erbaquest.com is not\nrecorded in the recently sent mailbox.\nExternal Sender\nThis email is sent from outside of company.\n(support@shop.erbaquest.com)\nUndefined Category Domain\n@shop.erbaquest.com is a unkown domain\namong security companies.,e.veritas:Phishing,_ Apple <support@shop.erbaquest.com>
This message looks secure,"Last reminder : Your membership will be cenceled tomorrow , please update your infc",No Record in Sent items\nsupport@iasbaba.com is not recorded in the\nrecently sent mailbox.\nExternal Sender\nThis email is sent from outside of company.\n(support@iasbaba.com),e.veritas:Legitimate,~ Help Center <support@iasbaba.com>
Be Careful with this message,Your MetaMask wallet will be suspended,Suspicious Sender Domain\nThe creation date is not searched with\n@eprints.dinus.ac.id\nNo Record in Sent items\nsupport@eprints.dinus.ac.id is not recorded\nin the recently sent mailbox.\nExternal Sender\nThis email is sent from outside of company.\n(support@eprints.dinus.ac.id),e.veritas:Phishing,_ MetaMask <support@eprints.dinus.ac.id>
This email seems dangerous,monkey.org Password update,Suspicious Internet Link\nDomain of Internet Link\n(@s3.amazonaws.com) has bad reputation.\nSuspected Malicious Sender\n@ee-smarts.top has a low reputation.\nNo Record in Sent items\nsales@ee-smarts.top is not recorded in the\nrecently sent mailbox.\nExternal Sender\nThis email is sent from outside of company.\n(sales@ee-smarts.top),e.veritas: Weming,- monkey.org <sales@ee-smarts.top >
Be Careful with this message,"Last reminder : Your membership will be cenceled tomorrow , please update your infc",Suspicious Sender Domain\nThe creation date is not searched with\n@alert.instacover.ae\nNo Record in Sent items\nSQYIKOQLYcXUhQU @alert.instacover.ae is\nnot recorded in the recently sent mailbox.\nExternal Sender\nThis email is sent from outside of company.\n(SQYIKOQLYcXUhQU @alert.instacover.ae)\nUndefined Category Domain\n@alert.instacover.ae is a unkown domain\namong security companies.,e.veritas: Weming,- Help Center <SQYIKOQLYcXUhQU@alert.instacover.ae>
Be Careful with this message,“jose@monkey.org” Email Address is temporarily Blocked by Email ADMIN!! Report#1,Suspected Malicious Sender\n@hobartrestaurants.com has a low\nreputation.\nNo Record in Sent items\ndar.ols@hobartrestaurants.com is not\nrecorded in the recently sent mailbox.\nExternal Sender\nThis email is sent from outside of company.\n(dar.ols@hobartrestaurants.com)\nSuspicious phishing\nSome phrases used in phishing emails are\nincluded,e.veritas: Weming,_ Mail Server Administrator <dar.ols@hobartrestaurants.com>
This message looks secure,Incoming Email Pending,No Record in Sent items\nstratus@router.sailine.net is not recorded in\nthe recently sent mailbox.\nExternal Sender\nThis email is sent from outside of company.\n(stratus@router.sailine.net),e.veritas:Phishing,- Webmailservice <stratus@router.sailine.net>
Be Careful with this message,"Last reminder : Your membership will be cenceled tomorrow , please update your infc",Suspicious Phishing Email\nCreation date of Internet Link (@beta-\nhome.accesstrade.vn) is not searched in\ndatabase.\nNo Record in Sent items\nhelpcenter3762117421@em559.cnetbbs.co\nm is not recorded in the recently sent\nmailbox.\nExternal Sender\nThis email is sent from outside of company.\n(helpcenter3762117421@em559.cnetbbs.co\nm)\nUndefined Category Domain\n@em559.cnetbbs.com is a unkown domain\namong security companies.,e.veritas: Weming,_ Help Center <helpcenter3762117421@em559.cnetbbs.com>
Be Careful with this message,Your MetaMask wallet will be suspended,Suspicious Sender Domain\nThe creation date is not searched with\n@eprints.dinus.ac.id\nNo Record in Sent items\nsupport@eprints.dinus.ac.id is not recorded\nin the recently sent mailbox.\nExternal Sender\nThis email is sent from outside of company.\n(support@eprints.dinus.ac.id),e.veritas:Legitimate,_ MetaMask <support@eprints.dinus.ac.id>
Be Careful with this message,Account Verification Request,No Record in Sent items\nis not recorded in the recently sent mailbox.\nExternal Sender\nThis email is sent from outside of company. 0\nSuspicious phishing\nSome phrases used in phishing emails are\nincluded,e.veritas: Weming,- Coinbase
Be Careful with this message,Review Recent Changes On Your Email Account Mailbox!,No Record in Sent items\nmail-admin@dlslkr.com is not recorded in\nthe recently sent mailbox.\nExternal Sender\nThis email is sent from outside of company.\n(mail-admin@dlslkr.com)\nUndefined Category Domain\n@dlslkr.com is a unkown domain among\nsecurity companies.,e.veritas:Legitimate,~ monkey.org Admin <mail-admin@dlslkr.com>
Be Careful with this message,Update your payment details,No Record in Sent items\ncontact@atanahaeventcenter.com is not\nrecorded in the recently sent mailbox.\nExternal Sender\nThis email is sent from outside of company.\n(contact @atanahaeventcenter.com)\nUndefined Category Domain\n@atanahaeventcenter.com is a unkown\ndomain among security companies.,e.veritas:Legitimate,- Help Center <contact@atanahaeventcenter.com>
Be Careful with this message,Account Policy and Important Account Notification from monkey.org,Suspected Malicious Sender\n@monkey.orgis a malicious categoried\ndomain.\nNo Record in Sent items\nSupport1@monkey.org is not recorded in\nthe recently sent mailbox.\nExternal Sender\nThis email is sent from outside of company.\n(Support1 @monkey.org)\nSuspicious phishing\nSome phrases used in phishing emails are\nincluded,e.veritas:Phishing,~ monkey.org Account Policy Server | This Message was Sent on Behalf Of monkey.org Acco
Be Careful with this message,Urgent: Server Update Notification!,Suspicious Scam Email\nThe reply address is strange. (\njose@monkey.org)\nNo Record in Sent items\nchair@nmfll.org is not recorded in the\nrecently sent mailbox.\nExternal Sender\nThis email is sent from outside of company.\n(chair@nmfll.org)\nSuspicious phishing\nSome phrases used in phishing emails are\nincluded,e.veritas:Phishing,_ Server Notification <chair@nmfll.org>
This message looks secure,Last reminder : Your membership will be cenceled tomorrow,No Record in Sent items\nnoreply_help_246588@mirtrik.by is not\nrecorded in the recently sent mailbox.\nExternal Sender\nThis email is sent from outside of company.\n(noreply_help_246588@mirtrik.by),e.veritas:Legitimate,_ Help Center <noreply_help_246588@mirtrik.by>
Be Careful with this message,Your Billing Information is missing,Suspicious Internet Link\nDomain of Internet Link\n(@store.oneagency.co) has bad reputation.\nNo Record in Sent items\ninfo@baldoriabyannies.com is not recorded\nin the recently sent mailbox.\nExternal Sender\nThis email is sent from outside of company.\n(info@baldoriabyannies.com)\nUndefined Category Domain\n@baldoriabyannies.com is a unkown\ndomain among security companies.,e.veritas: Weming,_ Apple <info@baldoriabyannies.com>
This email seems dangerous,Your Billing Information is missing,Malicious Internet Link\nDomain of Internet Link\n(@ipv4.abbruchwerk.com) has very bad\nreputation.\nSuspicious Sender Domain\nThe creation date is not searched with\n@muffato.com.br\nNo Record in Sent items\nnao-responder@muffato.com.br is not\nrecorded in the recently sent mailbox.\nExternal Sender\nThis email is sent from outside of company.\n(nao-responder@muffato.com.br),e.veritas:Legitimate,_ Apple <nao-responder@muffato.com.br>
This email seems dangerous,Your Billing Information is missing,Malicious Internet Link\nDomain of Internet Link\n(@ipv4.abbruchwerk.com) has very bad\nreputation.\nNo Record in Sent items\naplicativos@rigs.com.co is not recorded in\nthe recently sent mailbox.\nExternal Sender\nThis email is sent from outside of company.\n(aplicativos@rigs.com.co)\nSuspicious Phishing Email\nThe creation date of the link\n(@ipv4.abbruchwerk.com) is not found in,e.veritas:Legitimate,_ Apple <aplicativos@rigs.com.co>
This email seems dangerous,Email Update Important,Suspicious Internet Link\nDomain of Internet Link\n(@sfo3.digitaloceanspaces.com) has bad\nreputation.\nSuspicious Sender Domain\nThe creation date is not searched with\n@fd6a162ya0cpg16.gq\nMalicious Sender Domain\n@fd6a162ya0cpg16.gq has a very bad\nreputation.\nNo Record in Sent items\nnotify-\nshared64.accountservergroup@fd6a162ya0,e.veritas:Phishing,- Email Update <notify-shared64.accountservergroup@fd6a162ya0cpg16.gq>
Be Careful with this message,New Mailbox Update in - jose@monkey.org,No Record in Sent items\njose@registrare.host is not recorded in the\nrecently sent mailbox.\nExternal Sender\nThis email is sent from outside of company.\n(jose@registrare.host)\nUndefined Category Domain\n@registrare.host is a unkown domain among\nsecurity companies.,e.veritas: Weming,_ Mail Notification monkey.org <jose@registrare.host>
Be Careful with this message,New Mailbox Update in - jose@monkey.org,No Record in Sent items\njose@registrare.host is not recorded in the\nrecently sent mailbox.\nExternal Sender\nThis email is sent from outside of company.\n(jose@registrare.host)\nUndefined Category Domain\n@registrare.host is a unkown domain among\nsecurity companies.,e.veritas: Weming,_ Mail Notification monkey.org <jose@registrare.host>
This email seems dangerous,Access Locked,Suspicious Phishing Email\nCreation date of Internet Link\n(@symposium.kedokteran.ums.ac.id) is not\nsearched in database.\nSuspicious Internet Link\nDomain of Internet Link\n(@symposium.kedokteran.ums.ac.id) has\nbad reputation.\nNo Record in Sent items\nalertnotifications@message.truist-com is\nnot recorded in the recently sent mailbox.\nExternal Sender\nThis email is sent from outside of company.\n(alertnotifications@message.truist-com),e.veritas:Phishing,- Truist Alerts <alertnotifications@message.truist-com>
Be Careful with this message,Password Reset Confirmation,Malicious Sender Domain\n@tech-center.com has a very bad reputation.\nNo Record in Sent items\naccount.storage@tech-center.com is not\nrecorded in the recently sent mailbox.\nExternal Sender\nThis email is sent from outside of company.\n(account.storage@tech-center.com),e.veritas:Legitimate,- Account Storage <account.storage@tech-center.com>
Be Careful with this message,"Alert: About your account suspension! Monday, 12 Sep 2022",No Record in Sent items\nsales@k-fuss.life is not recorded in the\nrecently sent mailbox.\nExternal Sender\nThis email is sent from outside of company.\n(sales@k-fuss.life)\nUndefined Category Domain\n@k-fuss.life is a unkown domain among\nsecurity companies.,e.veritas: Weming,- monkey.org support <sales@k-fuss.life>
Be Careful with this message,Update information needed for your account N 62453363212,No Record in Sent items\njamee@cobblestone-cottage.com is not\nrecorded in the recently sent mailbox.\nExternal Sender\nThis email is sent from outside of company.\n(jamee@cobblestone-cottage.com)\nSuspicious phishing\nSome phrases used in phishing emails are\nincluded\nSuspicious Scam\nSome of the phrases used in impersonating\na customer (SCAM) mail are included.,e.veritas:Phishing,- Help Center <jamee@cobblestone-cottage.com>
Be Careful with this message,Your Parcel Number BN4518894701 is on the way,No Record in Sent items\ninfo@quacareer.com is not recorded in the\nrecently sent mailbox.\nExternal Sender\nThis email is sent from outside of company.\n(info@quacareer.com)\nUndefined Category Domain\n@quacareer.com is a unkown domain among\nsecurity companies.,e.veritas:Phishing,- PARGO <info@quacareer.com>
Be Careful with this message,Your Parcel Number BN4518894701 is on the way,No Record in Sent items\ninfo@quacareer.com is not recorded in the\nrecently sent mailbox.\nExternal Sender\nThis email is sent from outside of company.\n(info@quacareer.com)\nUndefined Category Domain\n@quacareer.com is a unkown domain among\nsecurity companies.,e.veritas:Phishing,- PARGO <info@quacareer.com>
This email seems dangerous,Share file Fax delivered to jose@monkey.org,No Record in Sent items\nsales@asiatldes.com is not recorded in the\nrecently sent mailbox.\nExternal Sender\nThis email is sent from outside of company.\n(sales@asiatldes.com)\nUndefined Category Domain\n@asiatldes.com is a unkown domain among\nsecurity companies.\nSuspicious Internet Link\nDomain of Internet Link (@j37768829-\nmyjino-ru.translate.goog) is malicious sites,e.veritas: Weming,Notification Fax_Report Center <sales@asiatldes.com>
Be Careful with this message,[Ticket ID:DFT-091-TBHhn4YtySF] IMPORTANT:Webmail Inbox - (19) Incoming failed n,Suspicious Sender Domain\nThe creation date is not searched with\n@80eloa543qyui62w.ga\nNo Record in Sent items\nnoreply-notify.srvr2@80eloa543 qyui62w.ga\nis not recorded in the recently sent\nmailbox.\nExternal Sender\nThis email is sent from outside of company.\n(noreply-\nnotify.srvr2@80eloa543 qyui62w.ga)\nUndefined Category Domain\n@80eloa543qyui62w.ga is a unkown\ndomain among security companies.,e.veritas: Weming,24/7 Customer Care <noreply-notify.srvr2 @80eloa543qyui6b2w.ga>
This email seems dangerous,We have been receiving complaints against you,Suspicious Scam Email\nThe reply address is strange. (\ndavidbrackettorti@gmail.com)\nSuspicious Sender Domain\nThe creation date is not searched with\n@aon.at\nNo Record in Sent items\ncavalieri-koch@aon.at is not recorded in\nthe recently sent mailbox.\nExternal Sender\nThis email is sent from outside of company.\n(cavalieri-koch@aon.at),Se Fl,- Human Resources - Industrial Relation & Occupational S
Be Careful with this message,Your Parcel Number BN4518894701 is on the way,No Record in Sent items\ninfo@keepingitoutsidejobs.com is not\nrecorded in the recently sent mailbox.\nExternal Sender\nThis email is sent from outside of company.\n(info@keepingitoutsidejobs.com)\nUndefined Category Domain\n@keepingitoutsidejobs.com is a unkown\ndomain among security companies.,e.veritas:Phishing,- PARGO <info@keepingitoutsidejobs.com>
Be Careful with this message,Incoming Mail ™ Error [DELAYED],Suspected Malicious Sender\n@monkey.orgis a malicious categoried\ndomain.\nNo Record in Sent items\nnotify.Centre@monkey.org is not recorded in\nthe recently sent mailbox.\nExternal Sender\nThis email is sent from outside of company.\n(notify.Centre@monkey.org),e.veritas:Phishing,_ Message Center monkey.org <notify.Centre@monkey.org>
Be Careful with this message,Your email password has expired.,Suspicious Sender Domain\nThe creation date is not searched with\n@mcarnes.com.br\nNo Record in Sent items\nadmin@mcarnes.com.br is not recorded in\nthe recently sent mailbox.\nExternal Sender\nThis email is sent from outside of company.\n(admin@mcarnes.com.br),e.veritas:Phishing,- monkey.org <admin@mcarnes.com.br>
Be Careful with this message,Verify your jose@monkey.org account immediately,Suspected Malicious Sender\n@hotdealsdigest.com has a low reputation.\nNo Record in Sent items\nguy.mez@hotdealsdigest.com is not recorded\nin the recently sent mailbox.\nExternal Sender\nThis email is sent from outside of company.\n(guy.mez@hotdealsdigest.com),e.veritas:Phishing,~ monkey Server <guy.mez@hotdealsdigest.com>
This message looks secure,"Order information, Tracking for you",No Record in Sent items\ncontact@contact.com is not recorded in the\nrecently sent mailbox.\nExternal Sender\nThis email is sent from outside of company.\n(contact@contact.com),e.veritas:Legitimate,- Tracking-Update <contact@contact.com>
Be Careful with this message,Undelivered Email,Suspicious Sender Domain\nThe creation date is not searched with\n@www7257uj.sakura.ne.jp\nSuspected Malicious Sender\n@www7257uj.sakura.ne.jpis a malicious\ncategoried domain.\nNo Record in Sent items\nsupport@IT-ADMIN.COM is not recorded in\nthe recently sent mailbox.\nExternal Sender\nThis email is sent from outside of company.\n(support@IT-ADMIN.COM),e.veritas:Phishing,"- vpopmail@www7257uj.sakura.ne,jp on behalf of IT ADMIN <support@IT-ADMIN.COM>"
This message looks secure,Email Forwarding Error-Undelivery Report,No Record in Sent items\njose@compareremit.com is not recorded in\nthe recently sent mailbox.\nExternal Sender\nThis email is sent from outside of company.\n(jose@compareremit.com),e.veritas:Phishing,_ Mail Notification <jose@compareremit.com>
This message looks secure,Email Forwarding Error-Undelivery Report,No Record in Sent items\njose@compareremit.com is not recorded in\nthe recently sent mailbox.\nExternal Sender\nThis email is sent from outside of company.\n(jose@compareremit.com),e.veritas:Phishing,_ Mail Notification <jose@compareremit.com>
Be Careful with this message,Your Parcel Number RLO01097064 is on the way,Suspicious Internet Link\nDomain of Internet Link (@als-online.org)\nhas bad reputation.\nNo Record in Sent items\ninfo@labelblind.com is not recorded in the\nrecently sent mailbox.\nExternal Sender\nThis email is sent from outside of company.\n(info@labelblind.com)\nUndefined Category Domain\n@labelblind.com is a unkown domain\namong security companies.,e.veritas:Phishing,~ Ram Hand to Hand Couriers <info@labelblind.com>
Be Careful with this message,Last reminder : Your membership will be cenceled tomorrow,Suspicious Phishing Email\nCreation date of Internet Link (@beta-\nhome.accesstrade.vn) is not searched in\ndatabase.\nNo Record in Sent items\nnoreply2420760521@em8375.magazinetop\nten.com is not recorded in the recently sent\nmailbox.\nExternal Sender\nThis email is sent from outside of company.\n(noreply2420760521@em8375.magazineto\npten.com)\nUndefined Category Domain\n@em8375.magazinetopten.com is a\nunkown domain among security,e.veritas: Weming,~ Help Center <noreply2420760521@em8375.magazinetopten.com>
Be Careful with this message,Approve Due payment Invoice-7876799,No Record in Sent items\nsharepoint-account-secure@tcwusaa.com is\nnot recorded in the recently sent mailbox.\nExternal Sender\nThis email is sent from outside of company.\n(sharepoint-account-secure@tcwusaa.com)\nUndefined Category Domain\n@tcwusaa.com is a unkown domain among\nsecurity companies.,e.veritas:Legitimate,_ Sharepoint <sharepoint-account-secure@tcwusaa.com>
Be Careful with this message,Last reminder : Your membership will be cenceled tomorrow,Suspicious Phishing Email\nCreation date of Internet Link (@beta-\nhome.accesstrade.vn) is not searched in\ndatabase.\nNo Record in Sent items\nnoreply8008501752@em8375.magazinetop\nten.com is not recorded in the recently sent\nmailbox.\nExternal Sender\nThis email is sent from outside of company.\n(noreply8008501752@em8375.magazineto\npten.com)\nUndefined Category Domain\n@em8375.magazinetopten.com is a\nunkown domain among security,e.veritas: Weming,~ Help Center <noreply8008501752@em8375.magazinetopten.com>
Be Careful with this message,Last reminder : Your membership will be cenceled tomorrow,Suspicious Phishing Email\nCreation date of Internet Link (@beta-\nhome.accesstrade.vn) is not searched in\ndatabase.\nNo Record in Sent items\ndenuncias@b-grc.com is not recorded in the\nrecently sent mailbox.\nExternal Sender\nThis email is sent from outside of company.\n(denuncias@b-grc.com),e.veritas:Legitimate,Netflix <denuncias@b-grc.com>
Be Careful with this message,Last reminder : Your membership will be cenceled tomorrow,Suspicious Phishing Email\nCreation date of Internet Link (@beta-\nhome.accesstrade.vn) is not searched in\ndatabase.\nNo Record in Sent items\nnoreply@em3223.gavamedia.net is not\nrecorded in the recently sent mailbox.\nExternal Sender\nThis email is sent from outside of company.\n(noreply@em3223.gavamedia.net),e.veritas: Weming,Netflix <noreply@em3223.gavamedia.net>
This message looks secure,Your Parcel Number RLO01097064 is on the way,No Record in Sent items\ninfo@em3223.gavamedia.net is not recorded\nin the recently sent mailbox.\nExternal Sender\nThis email is sent from outside of company.\n(info@em3223.gavamedia.net),e.veritas: Weming,~ Ram Hand to Hand Couriers <info@em3223.gavamedia.net>
Be Careful with this message,Your account is on hold,Suspicious Phishing Email\nCreation date of Internet Link (@beta-\nhome.accesstrade.vn) is not searched in\ndatabase.\nNo Record in Sent items\ninfo@multtiply.com is not recorded in the\nrecently sent mailbox.\nExternal Sender\nThis email is sent from outside of company.\n(info@multtiply.com),e.veritas:Phishing,- Support <info@multtiply.com>
Be Careful with this message,Your parcel was delayed in delivery due to an address error,Suspicious Sender Domain\nThe creation date is not searched with\n@seznam.cz\nNo Record in Sent items\ndefi13 @seznam.cz is not recorded in the\nrecently sent mailbox.\nExternal Sender\nThis email is sent from outside of company.\n(defi13@seznam.cz),e.veritas:Legitimate,~ DHL Express <defi13@seznam.cz>
Be Careful with this message,Update your payment details,No Record in Sent items\ninfo@em2180.stsindonesia.com is not\nrecorded in the recently sent mailbox.\nExternal Sender\nThis email is sent from outside of company.\n(info@em2180.stsindonesia.com)\nUndefined Category Domain\n@em2180.stsindonesia.com is a unkown\ndomain among security companies.\nSuspicious phishing\nSome phrases used in phishing emails are\nincluded,e.veritas:Phishing,- Help Center <info@em2180.stsindonesia.com>
Be Careful with this message,Update your payment details,No Record in Sent items\ninfo@em2180.stsindonesia.com is not\nrecorded in the recently sent mailbox.\nExternal Sender\nThis email is sent from outside of company.\n(info@em2180.stsindonesia.com)\nUndefined Category Domain\n@em2180.stsindonesia.com is a unkown\ndomain among security companies.\nSuspicious phishing\nSome phrases used in phishing emails are\nincluded,e.veritas:Phishing,- Help Center <info@em2180.stsindonesia.com>
Be Careful with this message,Your Parcel Number RLO01097064 is on the way,Suspicious Sender Domain\nThe creation date is not searched with\n@em9876.safeart.eu\nNo Record in Sent items\nram.courires255373@em9876.safeart.eu is\nnot recorded in the recently sent mailbox.\nExternal Sender\nThis email is sent from outside of company.\n(ram.courires255373 @em9876.safeart.eu)\nUndefined Category Domain\n@em9876.safeart.eu is a unkown domain\namong security companies.,e.veritas: Weming,"~ RAM Hand to Hand Couriers <ram.courires255373@em9876,safeart.eu>"
This email seems dangerous,[EXTERNAL] [EXTERNAL EMAIL - USE CAUTION] ATTENTION,Malicious Internet Link\nDomain of Internet Link\n(@microxxxhlpdskooaxjigsy.com) is\nsuspected of a malicious site.\nMalicious Internet Link\nDomain of Internet Link\n(@microxxxhlpdskooxx.jigsy.com) has very\nbad reputation.\nSuspicious Scam Email\nThe mail was not sent from the right mail\nserver. SPF: Fail\nSuspicious Scam Email\nThe reply address is strange. (c@mail.com),e.veritas:Legitimate,- Technical Team <tony@renoarearealestate.com>
Be Careful with this message,AWG: Fwd: Paid Ebill:Transfer Payment Receipt For Overdue Invoices,Suspected Malicious Sender\n@ma5zoon.shop has a low reputation.\nNo Record in Sent items\nma5zoon@ma5zoon.shop is not recorded\nin the recently sent mailbox.\nExternal Sender\nThis email is sent from outside of company.\n(ma5zoon@ma5zoon.shop)\nUndefined Category Domain\n@ma5zoon.shop is a unkown domain\namong security companies.,e.veritas: Weming,- jose. <ma5zoon@ma5zoon.shop>
This email seems dangerous,New Paystub Encrypted Message,Suspicious email address\nThe Original Sender email address is\nNo Record in Sent items\nis not recorded in the recently sent\nmailbox.\nExternal Sender\nThis email is sent from outside of company.\n0\nGeo-Location of Sender\nThis message sent from United States of\nAmerica,e.veritas:Legitimate,_ info-us@proofpoint.com
Be Careful with this message,Update your payment details,No Record in Sent items\nadmin@wizwww.com is not recorded in the\nrecently sent mailbox.\nExternal Sender\nThis email is sent from outside of company.\n(admin@wizwww.com)\nUndefined Category Domain\n@wizwww.com is a unkown domain among\nsecurity companies.\nSuspicious phishing\nSome phrases used in phishing emails are\nincluded,e.veritas:Phishing,_ Support <admin@wizwww.com>
Be Careful with this message,Notice: A new document has arrived.,Suspicious Sender Domain\nThe creation date is not searched with\n@importsys.com.uy\nNo Record in Sent items\nblassenay@importsys.com.uy is not recorded\nin the recently sent mailbox.\nExternal Sender\nThis email is sent from outside of company.\n(blassenay@importsys.com.uy),e.veritas:Legitimate,- monkey.org <blassenay@importsys.com.uy>
Be Careful with this message,Last reminder : Your membership will be cenceled tomorrow,No Record in Sent items\nstefen@dienstdigital.com is not recorded in\nthe recently sent mailbox.\nExternal Sender\nThis email is sent from outside of company.\n(stefen@dienstdigital.com)\nSuspicious phishing\nSome phrases used in phishing emails are\nincluded,e.veritas:Phishing,_ Support <stefen@dienstdigital.com>
This email seems dangerous,Last reminder : Your membership will be cenceled tomorrow,Suspicious Phishing Email\nCreation date of Internet Link (@beta-\nhome.accesstrade.vn) is not searched in\ndatabase.\nSuspicious Sender Domain\nThe creation date is not searched with\n@siga-cps.cl\nNo Record in Sent items\ninfo @siga-cps.cl is not recorded in the\nrecently sent mailbox.\nExternal Sender\nThis email is sent from outside of company.\n(info@siga-cps.cl),e.veritas:Legitimate,- Support Netflix <info@siga-cps.cl>
Be Careful with this message,Mailbox: Incoming Mail % Error,No Record in Sent items\nnotify-jose@karansolutions.cam is not\nrecorded in the recently sent mailbox.\nExternal Sender\nThis email is sent from outside of company.\n(notify-jose@karansolutions.cam)\nUndefined Category Domain\n@karansolutions.cam is a unkown domain\namong security companies.,e.veritas: Weming,_ Message Center monkey.org <notify-jose@karansolutions.cam>
This email seems dangerous,Last reminder : Your membership will be cenceled tomorrow,Suspicious Phishing Email\nCreation date of Internet Link\n(@demopc.atcmedia.vn) is not searched in\ndatabase.\nSuspicious Internet Link\nDomain of Internet Link\n(@demopc.atcmedia.vn) has bad\nreputation.\nSuspicious Sender Domain\nThe creation date is not searched with\n@drug-sugi.co.jp\nNo Record in Sent items\nsugids-prod@drug-sugi.co.jp is not\nrecorded in the recently sent mailbox.,e.veritas:Legitimate,"help desk support <sugids-prod@drug-sugi.co,jp>"
Be Careful with this message,Last reminder : Your membership will be cenceled tomorrow,Malicious Internet Link\nDomain of Internet Link (@dtesinstitute.com)\nhas very bad reputation.\nNo Record in Sent items\nnoreply5 1741846683 173 153043@bigchurchd\nayout.com is not recorded in the recently\nsent mailbox.\nExternal Sender\nThis email is sent from outside of company.\n(noreply51741846683 173153043 @bigchurch\ndayout.com),e.veritas:Legitimate,~ help desk support <noreply51741846683173153043@bigchurchdayout.com>
Be Careful with this message,Last reminder : Your membership will be cenceled tomorrow,Suspicious Phishing Email\nCreation date of Internet Link\n(@czaplicka.eu) is not searched in database.\nNo Record in Sent items\nnoreply02707838318855032302@bigchurchd\nayout.com is not recorded in the recently\nsent mailbox.\nExternal Sender\nThis email is sent from outside of company.\n(noreply027078383 18855032302 @bigchurch\ndayout.com),e.veritas:Legitimate,help desk support <noreply02707838318855032302@bigchurchdayout.com>
Be Careful with this message,Last reminder : Your membership will be cenceled tomorrow,Suspicious Phishing Email\nCreation date of Internet Link\n(@czaplicka.eu) is not searched in database.\nNo Record in Sent items\nno-\nreply.help_center.account.N.20820114@netfli\nx.managemyentity.com is not recorded in the\nrecently sent mailbox.\nExternal Sender\nThis email is sent from outside of company.\n(no-\nreply.help_center.account.N.20820114@netfli\nx.managemyentity.com),e.veritas: Weming,- help desk support <no-reply.help_center.account.N.20820114@netflixmanagemyentity.co:
Be Careful with this message,Last reminder : Your membership will be cenceled tomorrow,Malicious Internet Link\nDomain of Internet Link\n(@lucabortolami.altervista.org) is\nsuspected of a malicious site.\nNo Record in Sent items\ndo-not-reply@flyertoss.com is not recorded\nin the recently sent mailbox.\nExternal Sender\nThis email is sent from outside of company.\n(do-not-reply@flyertoss.com)\nUndefined Category Domain\n@flyertoss.com is a unkown domain among\nsecurity companies.,e.veritas:Legitimate,- Billing Team <do-not-reply@flyertoss.com>
